Crew_ID,Crew_Name,WagesPerHour
C1,Crew A,1212.121212
C2,Crew B,1130
C3,Crew C,1047.878788
C4,Crew D,965.7575758
C5,Crew E,883.6363636
C6,Crew F,801.5151515
C7,Crew G,872.7272727
C8,Crew H,943.9393939
C9,Crew I,1015.151515
C10,Crew J,1086.363636
C11,Crew K,1157.575758
C12,Crew L,1228.787879
C13,Crew M,1300
C14,Crew N,1131.515152
C15,Crew O,963.030303
C16,Crew Q,794.5454545
C17,Crew R,1350.30303
C18,Crew S,1706.666667
C19,Crew T,2063.030303
C20,Crew U,2419.393939
